surname,name,phone,email,comment,blacklisted,guest_id
Beck,Curtis,+70000000000,,,False,1
George,Timothy,+70000000000,,,False,2
Ramos,Toni,+70000000000,,,False,3
Aguirre,Gabrielle,+70000000000,,,False,4
Mcdonald,Cathy,+70000000000,,,False,5
Forbes,April,+70000000000,,,False,6
Ellison,Olivia,+70000000000,,,False,7
Delgado,Tim,+70000000000,,,False,8
Harding,Christina,+70000000000,,,False,9
Camacho,Bobby,+70000000000,,,False,10
Dougherty,Daryl,+70000000000,,,False,11
Webster,Curtis,+70000000000,,,False,12
Berry,Frederick,+70000000000,,,False,13
Graham,Darryl,+70000000000,,,False,14
Levine,Gabriel,+70000000000,,,False,15
Moore,Nina,+70000000000,,,False,16
Brown,Heidi,+70000000000,,,False,17
Mcmahon,Patrick,+70000000000,,,False,18
Pruitt,Willie,+70000000000,,,False,19
Good,Edgar,+70000000000,,,False,20
Daniels,Christina,+70000000000,,,False,21
Shaffer,Sabrina,+70000000000,,,False,22
Velazquez,Lydia,+70000000000,,,False,23
Harper,Nicolas,+70000000000,,,False,24
Barnes,Gilbert,+70000000000,,,False,25
Ramos,Tracey,+70000000000,,,False,26
Cisneros,Brad,+70000000000,,,False,27
Washington,Micheal,+70000000000,,,False,28
Pugh,Heidi,+70000000000,,,False,29
Shannon,Katelyn,+70000000000,,,False,30
Stewart,Annette,+70000000000,,,False,31
Ramos,Diane,+70000000000,,,False,32
Hood,Angelica,+70000000000,,,False,33
Knox,Evan,+70000000000,,,False,34
Spears,Rebekah,+70000000000,,,False,35
Gutierrez,Bradley,+70000000000,,,False,36
Doyle,Angel,+70000000000,,,False,37
Lambert,Jay,+70000000000,,,False,38
Melton,Norman,+70000000000,,,False,39
Morrison,Kenneth,+70000000000,,,False,40
Holmes,Daryl,+70000000000,,,False,41
Holmes,Marisa,+70000000000,,,False,42
Ayala,Molly,+70000000000,,,False,43
Lang,Jacqueline,+70000000000,,,False,44
Pennington,Olivia,+70000000000,,,False,45
Ellis,Marco,+70000000000,,,False,46
Garcia,Kent,+70000000000,,,False,47
Alvarado,Courtney,+70000000000,,,False,48
Schaefer,Rita,+70000000000,,,False,49
Mcfarland,Drew,+70000000000,,,False,50
Paul,Michaela,+70000000000,,,False,51
Abbott,Dana,+70000000000,,,False,52
Novak,Heidi,+70000000000,,,False,53
Camacho,Darlene,+70000000000,,,False,54
Tate,Jimmy,+70000000000,,,False,55
Nash,Eduardo,+70000000000,,,False,56
Booth,Jay,+70000000000,,,False,57
Wilcox,Mikayla,+70000000000,,,False,58
Heath,Makayla,+70000000000,,,False,59
Morse,Catherine,+70000000000,,,False,60
Morton,Stacie,+70000000000,,,False,61
Chavez,Gloria,+70000000000,,,False,62
Li,Peggy,+70000000000,,,False,63
Chapman,Derrick,+70000000000,,,False,64
Jimenez,Whitney,+70000000000,,,False,65
Owens,Alan,+70000000000,,,False,66
Sanchez,Carrie,+70000000000,,,False,67
Bolton,Jo,+70000000000,,,False,68
Daniels,Kara,+70000000000,,,False,69
Mays,Holly,+70000000000,,,False,70
Elliott,Melinda,+70000000000,,,False,71
Pennington,Mercedes,+70000000000,,,False,72
Sherman,Vincent,+70000000000,,,False,73
Daniels,Seth,+70000000000,,,False,74
Zhang,Corey,+70000000000,,,False,75
Bridges,Emily,+70000000000,,,False,76
Ryan,Dawn,+70000000000,,,False,77
Greene,Marcia,+70000000000,,,False,78
Shelton,Lee,+70000000000,,,False,79
Fox,Emily,+70000000000,,,False,80
Clements,Connie,+70000000000,,,False,81
Mckenzie,Todd,+70000000000,,,False,82
Olsen,Aimee,+70000000000,,,False,83
Harding,Cheryl,+70000000000,,,False,84
Carpenter,George,+70000000000,,,False,85
Holloway,Angelica,+70000000000,,,False,86
Andrade,Grace,+70000000000,,,False,87
Bautista,Timothy,+70000000000,,,False,88
Schroeder,Brandon,+70000000000,,,False,89
Garza,Geoffrey,+70000000000,,,False,90
Silva,Yesenia,+70000000000,,,False,91
Howe,David,+70000000000,,,False,92
Alexander,Sally,+70000000000,,,False,93
Olson,Shelby,+70000000000,,,False,94
Meadows,Tasha,+70000000000,,,False,95
Larsen,Traci,+70000000000,,,False,96
Joseph,Laurie,+70000000000,,,False,97
Knapp,Stuart,+70000000000,,,False,98
Myers,Alexandria,+70000000000,,,False,99
Arias,Doris,+70000000000,,,False,100
