passp_series,passp_number,date_of_issue,date_of_birth,place_of_birth,nationality,name,surname,fathers_name,passport_id
,451003,2018-01-10,2008-10-31,Burkittsville,US,Marco,Stafford,,1
,409670,2023-05-09,2019-10-19,Coachella,US,Virginia,Ellis,,2
,74637,2020-07-05,2003-09-19,Worcester,US,Randy,Chavez,,3
,447199,2003-01-25,1991-02-21,Wallowa,US,Taylor,Peck,,4
,940746,2015-01-27,1996-09-18,Sycamore,US,Gabrielle,Leonard,,5
,914133,2010-08-30,2002-07-16,Moroni,US,Alan,Harmon,,6
,478942,2005-02-04,1989-01-16,Buffalo,US,Stefanie,Bruce,,7
,838405,2008-07-02,1993-10-10,Schenectady,US,Molly,Green,,8
,349701,1983-07-16,1969-05-29,Pacific Beach,US,George,Booker,,9
,611615,2013-04-28,2004-06-07,Pine City,US,Desiree,Dean,,10
,327112,1980-01-31,1971-12-05,Pflugerville,US,Brett,Hodge,,11
,492538,2004-09-28,1995-07-26,Coral Springs,US,Lindsey,Sims,,12
,461368,2013-08-21,1998-05-04,Labadieville,US,Candice,Mcgee,,13
,296991,1985-01-28,1974-09-13,Visalia,US,Charlene,Liu,,14
,812427,1987-03-20,1967-04-27,Sacramento,US,Cassie,Gregory,,15
,809382,1993-04-21,1991-08-04,Langworthy,US,Kiara,Conley,,16
,855260,1994-08-10,1991-09-29,Beloit,US,Gabrielle,Olson,,17
,954233,1988-11-23,1969-12-22,Texline,US,Gabrielle,Lawson,,18
,874765,2002-07-14,1982-12-16,Thrall,US,Jeremy,Baker,,19
,54917,1994-08-29,1980-11-22,Potwin,US,Danielle,Simpson,,20
,703786,2015-02-19,2001-07-16,El Sobrante,US,Steven,Chapman,,21
,943254,1983-05-31,1979-09-08,Tonganoxie,US,Juan,Glass,,22
,922667,2016-08-29,2013-07-10,Aurora,US,Peggy,Salinas,,23
,713027,2000-06-18,1992-10-07,Sterling,US,Desiree,Phelps,,24
,917909,1998-09-04,1990-08-26,Kingsport,US,Frederick,Boyd,,25
,523041,1983-11-18,1979-06-10,Alpine,US,Steve,Davenport,,26
,410593,2006-02-18,1989-06-07,Dublin,US,Kerry,Olson,,27
,26315,2002-10-06,1995-12-21,Pine Island,US,Mackenzie,Woodard,,28
,382603,1990-01-29,1976-12-15,East Syracuse,US,Phyllis,Parsons,,29
,609223,2000-11-30,1994-12-17,Success,US,Evelyn,Brown,,30
,836550,2004-08-24,1999-10-12,Wapato,US,Nicole,Frey,,31
,683419,1991-06-22,1971-06-28,North Haverhill,US,Tracie,Friedman,,32
,104957,2002-06-16,1985-08-25,Phoenix,US,Marie,Ramirez,,33
,929672,1991-05-22,1988-06-05,Christine,US,Nicholas,Fry,,34
,90668,2001-08-29,1992-01-09,Camden,US,Cristian,Melton,,35
,832851,1986-12-03,1975-12-18,Winston,US,Jane,Chavez,,36
,774208,2001-08-25,1993-09-11,Choctaw,US,Danielle,Koch,,37
,807201,1982-10-09,1966-09-20,Inman,US,Daniel,Baxter,,38
,822991,2019-05-30,2011-10-18,Sargentville,US,Ana,Lowe,,39
,533051,1997-05-11,1991-10-28,Von Ormy,US,Jordan,Marquez,,40
,254886,1982-09-17,1967-03-10,Waterville,US,Maureen,Marquez,,41
,928700,1983-04-22,1974-12-15,Slayton,US,Evan,Payne,,42
,272175,1995-03-15,1981-06-28,Rocky Point,US,Arthur,Blanchard,,43
,285498,2005-03-31,1986-02-17,Colusa,US,Brittany,Neal,,44
,22696,1999-05-03,1991-05-16,Ironwood,US,Alex,Mosley,,45
,689918,1982-11-16,1967-05-28,James City,US,Bryan,Davenport,,46
,646571,1997-05-22,1981-04-05,Inwood,US,Taylor,Allison,,47
,971019,1995-05-11,1992-11-07,Chesterfield,US,Raven,Pugh,,48
,502800,1993-01-28,1988-02-18,Goodview,US,Steven,Little,,49
,34419,1999-04-29,1988-01-21,Rosemont,US,Erika,Orr,,50
,262448,2006-04-16,1993-06-15,Tracy,US,Caitlyn,Owen,,51
,598495,1984-03-16,1966-01-20,Barnsdall,US,Robyn,Mitchell,,52
,419896,1991-10-26,1972-01-02,Claypool,US,Tammy,Gilbert,,53
,571078,2007-05-17,1990-01-13,Midland,US,Tracey,Bruce,,54
,914384,2017-05-13,2010-06-21,Mcfarland,US,Phyllis,Moses,,55
,96436,2003-06-13,1991-12-11,Gray,US,Katelyn,Blackwell,,56
,45673,1992-05-08,1972-10-15,Livingston,US,Jermaine,Lamb,,57
,243425,2008-01-16,1992-03-26,La Push,US,Colin,Morris,,58
,513807,2011-11-23,2010-05-10,Delmar,US,Kerri,Humphrey,,59
,85330,2022-08-04,2014-02-20,Derwent,US,Hayley,Meyer,,60
,571648,1982-09-14,1976-02-15,Lime Springs,US,Alejandra,Douglas,,61
,833856,1982-03-18,1973-08-31,Gary,US,Jean,Sellers,,62
,686741,2005-11-27,2003-05-29,Celina,US,Max,Maldonado,,63
,771,1997-07-11,1996-04-18,Rockford,US,Shannon,Banks,,64
,76151,1982-12-03,1963-07-25,Everett,US,Alicia,Underwood,,65
,643264,2001-02-27,1993-04-12,Big Stone City,US,Tonya,Levine,,66
,677693,1994-10-27,1983-11-01,Tolovana Park,US,Julie,Donovan,,67
,968951,1982-10-11,1979-11-08,Boardman,US,Autumn,Gamble,,68
,27390,2009-12-06,2008-03-29,Enfield,US,Heidi,Finley,,69
,634812,1994-08-27,1992-04-25,Intervale,US,Christian,Mercer,,70
,186373,2015-06-09,2007-08-05,Gaylesville,US,Perry,Love,,71
,428246,2001-10-05,1984-09-10,Alexandria,US,Krista,Mclean,,72
,482843,1982-05-10,1969-09-30,Fort Jones,US,Blake,Tate,,73
,546656,2011-09-09,1995-07-05,South Woodstock,US,Cory,Gonzales,,74
,338399,1995-02-05,1986-04-21,Johns Island,US,Jane,Hansen,,75
,690488,2001-04-01,1981-05-20,Oklahoma City,US,Mercedes,Saunders,,76
,366708,2013-10-04,1995-03-15,Udall,US,Molly,Copeland,,77
,792189,2008-05-13,2007-04-06,Ferdinand,US,George,Wall,,78
,555566,1983-11-09,1966-02-11,Rockford,US,Joy,Bean,,79
,207656,2001-05-10,1995-01-17,Columbia,US,Cristian,Hansen,,80
,696989,2014-10-04,2009-01-16,Bloomingdale,US,Hailey,Davis,,81
,843948,2014-08-10,1997-08-10,Mountainville,US,Bethany,Bolton,,82
,855565,2000-05-25,1998-04-07,Portland,US,Ebony,Benton,,83
,479473,1993-08-23,1987-11-18,Ronan,US,Natalie,Owen,,84
,590075,2005-02-24,1987-04-10,Henry,US,Johnny,Mosley,,85
,46311,1981-08-23,1966-01-05,Salem,US,Arthur,Richards,,86
,356199,2008-01-28,2004-06-07,Redlands,US,Adrienne,Santos,,87
,51537,2024-03-10,2012-05-21,Indialantic,US,Tyler,Burgess,,88
,376438,1981-07-28,1965-04-01,Lubbock,US,Connie,Summers,,89
,613945,1983-06-08,1966-10-14,Loganville,US,Perry,Gray,,90
,193057,1992-08-30,1978-10-27,Montoursville,US,Jeanette,Dawson,,91
,688474,2019-05-21,2001-07-24,Agua Dulce,US,Brad,Chaney,,92
,305850,1983-12-31,1968-11-18,Minden City,US,Norman,Mercer,,93
,350810,2015-05-27,2006-10-01,Widener,US,Wayne,Boyer,,94
,941434,2010-06-23,1995-12-15,Henrico,US,Frances,Bruce,,95
,936100,2014-10-07,2001-09-16,Alexandria,US,Maxwell,Jennings,,96
,443223,2021-03-10,2014-02-05,De Pere,US,Gabrielle,Moran,,97
,283620,2021-04-25,2015-10-28,Millers Falls,US,Peggy,Holmes,,98
,863053,1994-04-16,1979-05-06,Fredericktown,US,Daryl,Blankenship,,99
,60756,2005-12-19,1989-05-15,Gilbert,US,Terri,Wall,,100
